编号,请填写您所在的地区。,请填写您所属的相关经济领域。,请填写您的行业与职业。,请填写您对当前景气现状的判断（如：增长 / 持平 / 下降）。,请填写影响您判断的主要依据。,请描述更具体的情况。
1,北海道,家庭收支动态,综合零售店［土特产］（经营者）,增长,顾客情况,10月份销售额与2023年同期相比为127.6%，与2022年同期相比为209.7%，与2021年同期相比为382.9%，与2020年同期相比为312.8%，与2019年同期相比为152.3%。
2,北海道,家庭收支动态,综合零售店［酒类］（经营者）,增长,销量走势,近期来自合作商的订单量呈增长趋势。
3,北海道,家庭收支动态,便利店（区域负责人）,增长,客流量走势,因始终坚持维持高性价比的定价，客流量正逐步回升。
4,北海道,家庭收支动态,汽车用品专卖店（店长）,增长,销量走势,季节性商品冬季轮胎的销量较上年同期增长10%，客流量也比上年同期提升7%，整体表现优于上年。
5,北海道,家庭收支动态,其他专卖店［药品］（经营者）,增长,顾客情况,距离新冠疫情期间已过去许久，顾客的消费趋势终于恢复至以往水平。
6,北海道,家庭收支动态,观光型酒店（工作人员）,增长,客流量走势,客房入住率保持稳定，住宿单价未出现下滑，宴会场地也接到了大量预订。
7,北海道,家庭收支动态,通信公司（策划专员）,增长,客流量走势,专卖店整体客流量呈增长态势。此外，在大型商业设施开展的上门推销业务中，无论是城市还是乡镇地区，从其他公司通信服务转网过来的客户都在增多，用户签约量虽有小幅提升，但整体态势正逐步好转。
8,北海道,家庭收支动态,商业街（负责人）,平稳,客流量走势,如今早晚温差变大，白天寒冷的日子也越来越多。受此影响，周边居民前来商业街的频次有所下降。同时，街区内酒店的停车场也不再出现爆满情况，由此可看出来自北海道内外的游客数量正在减少，白天街上手持购物袋行走的行人也寥寥无几。
9,北海道,家庭收支动态,商业街（负责人）,平稳,客流量走势,因众议院选举期间，很多人为参与竞选活动而减少外出，消费态势呈现下滑。尽管预计选举结束后会恢复常态，但政治局势持续不稳定的问题仍令人担忧。
10,北海道,家庭收支动态,百货商场（促销专员）,平稳,客流量走势,受日元暂时升值影响，上月以来外国游客数量减少。尽管销售额高于上年同期，但这主要是受物价上涨推动客单价上升所致。
11,北海道,家庭收支动态,超市（店长）,平稳,客流量走势,虽然销售额保持在高于上年同期的水平，但这是受商品接连涨价带动单价上升的影响，客流量和购买数量始终难以提升。
12,北海道,家庭收支动态,便利店（区域负责人）,平稳,客流量走势,外国游客等旅行客的流动情况依然良好，但通勤族和学生群体的购买意愿仍处于较低水平，仅低价商品销量表现较好。
13,北海道,家庭收支动态,便利店（店长）,平稳,顾客情况,顾客的购买数量正在减少。
14,北海道,家庭收支动态,服装专卖店（经营者）,平稳,顾客情况,受日元贬值引发的物价上涨影响，顾客的节约意识持续增强。由于参与旅行和各类活动的机会减少，外出服装的需求出现下滑。
15,北海道,家庭收支动态,乘用车销售店（员工）,平稳,销量走势,近期销量走势未出现明显变化，且由于可销售车辆库存不足，暂无推动订单量增长的因素。
16,北海道,家庭收支动态,住房相关专卖店（管理人员）,平稳,销量走势,从销售额同比数据来看，与3个月前相比未出现变化，顾客的消费趋势也保持稳定。
17,北海道,家庭收支动态,其他专卖店［人造花］（店长）,平稳,顾客情况,城市地区的销售额与上年同期持平，但乡镇地区的销售额出现了超过10%的下滑。
18,北海道,家庭收支动态,高级餐厅（工作人员）,平稳,销量走势,10月份销售额勉强能超过上年同期，午餐时段保持良好态势。晚餐时段虽以低价套餐为主，但部分日期也会有团体客光顾。虽然年长的熟客到访频次减少，但新客户数量正在增加。据悉，在乡镇地区，除中心区域外，也有游客到访，酒店时常处于爆满状态。
19,北海道,家庭收支动态,高级餐厅（工作人员）,平稳,客流量走势,整体景气未出现明显变化，但随着旅游旺季结束、游客数量减少，客流量正逐渐呈现下滑趋势。
20,北海道,家庭收支动态,高级餐厅（工作人员）,平稳,客流量走势,自3个月前进入旅游旺季以来，客流量一直保持高位。从10月单月来看，客流量处于较高水平，但与3个月前相比未出现明显变化。
21,北海道,家庭收支动态,小酒馆（经营者）,平稳,客流量走势,往年10月份销售额原本就不算理想，本月与上月情况基本一致，整体景气保持稳定。
22,北海道,家庭收支动态,观光型酒店（经营者）,平稳,客流量走势,国内团体客数量呈逐渐减少趋势，但来自海外的散客数量大幅增加。
23,北海道,家庭收支动态,旅行社（员工）,平稳,客流量走势,夏季旺季期间，外国游客数量较上年大幅增长，其中韩国航线的增长尤为突出。进入下半年后，国内客和外国游客数量均出现减少，但本地出发的修学旅行团数量有所增加。尽管受到台风等天气因素影响，但7月以来的国内旅客数量与上年同期持平，外国游客数量则实现了两位数的同比增长。
24,北海道,家庭收支动态,旅行社（员工）,平稳,顾客情况,从旅行咨询量来看，与近几个月相比明显趋于平稳。受生活必需品等物价上涨影响，消费者在旅行等娱乐方面的支出正在缩减，旅行咨询量也出现下降并趋于停滞。
25,北海道,家庭收支动态,出租车司机,平稳,客流量走势,由于公司重点推进驾驶员招聘工作，10月份驾驶员人数从上年的150人增加至210人。尽管单台出租车的销售额与上年同期持平，但得益于驾驶员人数增加40%，出租车运营台数相应增多，整体销售额较上年增长约40%。不过，由于招聘成本上升，最终利润与上年同期基本持平。
26,北海道,家庭收支动态,出租车司机,平稳,客流量走势,尽管与活动相关的订单量略有增加，但来自游客的订单未出现明显增长，最终客流量与前期相比无显著变化。
27,北海道,家庭收支动态,出租车司机,平稳,销量走势,与上年相比，夜间外出的人数有所减少，导致夜间出租车供过于求。
28,北海道,家庭收支动态,美容院（经营者）,平稳,客流量走势,整体处于不好不坏的稳定状态。不过，老年年金领取者的到店周期较以往有所延长，反映出这部分群体的生活压力正在增大。
29,北海道,家庭收支动态,住宅销售公司（员工）,平稳,客流量走势,随着住房贷款利率呈现上升趋势，需要持续关注消费者心态的变化趋势。
30,北海道,家庭收支动态,商业街（负责人）,下滑,单价走势,高价商品销售额出现下滑。由于生活必需品价格上涨，原本有能力购买高价兴趣商品的消费者如今已无力消费，而高价商品本身的价格上涨也进一步加剧了这一局面。